Codigo,Nombre,Programa,Correo
1001,Ana Torres,Ingeniería Industrial,ana@unad.edu.co
1002,Luis Martínez,Psicología,luis@unad.edu.co
1003,Carolina Pérez,Administración de Empresas,carolina@unad.edu.co
1004,Jorge Ríos,Ingeniería de Sistemas,jorge@unad.edu.co
1005,Yulieth Muñoz,Ingeniería Electrónica,yulieth.muñoz@unad.edu.co
1006,Andrea Restrepo,Ingeniería Industrial,andrea.restrepo@unad.edu.co
1007,Lorena Ospina,Ingeniería Electrónica,lorena.ospina@unad.edu.co
1008,Kevin Rivera,Ingeniería de Sistemas,kevin.rivera@unad.edu.co
1009,Isabella Ospina,Comunicación Social,isabella.ospina@unad.edu.co
1010,Camila Rivera,Ingeniería Industrial,camila.rivera@unad.edu.co
1011,Tomás Suárez,Contaduría Pública,tomás.suárez@unad.edu.co
1012,Miguel Herrera,Ingeniería Industrial,miguel.herrera@unad.edu.co
1013,Miguel Muñoz,Derecho,miguel.muñoz@unad.edu.co
1014,Yulieth Muñoz,Comunicación Social,yulieth.muñoz@unad.edu.co
1015,Andrés Mendoza,Ingeniería Electrónica,andrés.mendoza@unad.edu.co
1016,Isabella Suárez,Comunicación Social,isabella.suárez@unad.edu.co
1017,Manuel Silva,Ingeniería Industrial,manuel.silva@unad.edu.co
1018,Fernando Niño,Psicología,fernando.niño@unad.edu.co
1019,Isabella Muñoz,Ingeniería Electrónica,isabella.muñoz@unad.edu.co
1020,Javier Torres,Ingeniería Industrial,javier.torres@unad.edu.co
1021,Daniel Rivera,Derecho,daniel.rivera@unad.edu.co
1022,Carolina Niño,Psicología,carolina.niño@unad.edu.co
1023,Carlos Castillo,Comunicación Social,carlos.castillo@unad.edu.co
1024,Miguel Pérez,Contaduría Pública,miguel.pérez@unad.edu.co
1025,Daniel López,Ingeniería de Sistemas,daniel.lópez@unad.edu.co
1026,Isabella Muñoz,Ingeniería de Sistemas,isabella.muñoz@unad.edu.co
1027,Miguel Muñoz,Derecho,miguel.muñoz@unad.edu.co
1028,Sebastián Vargas,Ingeniería Industrial,sebastián.vargas@unad.edu.co
1029,Yulieth Rivera,Administración de Empresas,yulieth.rivera@unad.edu.co
1030,Alejandro Morales,Administración de Empresas,alejandro.morales@unad.edu.co
1031,Carlos Ríos,Administración de Empresas,carlos.ríos@unad.edu.co
1032,María Montoya,Derecho,maría.montoya@unad.edu.co
1033,Kevin Ospina,Contaduría Pública,kevin.ospina@unad.edu.co
1034,Tomás Ríos,Contaduría Pública,tomás.ríos@unad.edu.co
1035,Laura Ramírez,Contaduría Pública,laura.ramírez@unad.edu.co
1036,Valentina Mendoza,Ingeniería Electrónica,valentina.mendoza@unad.edu.co
1037,Manuel Suárez,Ingeniería Industrial,manuel.suárez@unad.edu.co
1038,Andrea Cárdenas,Administración de Empresas,andrea.cárdenas@unad.edu.co
1039,Yulieth Gómez,Ingeniería Industrial,yulieth.gómez@unad.edu.co
1040,Carlos Pérez,Ingeniería Electrónica,carlos.pérez@unad.edu.co
1041,Camilo Silva,Ingeniería Electrónica,camilo.silva@unad.edu.co
1042,Diana Ospina,Comunicación Social,diana.ospina@unad.edu.co
1043,Andrés López,Comunicación Social,andrés.lópez@unad.edu.co
1044,Laura Montoya,Derecho,laura.montoya@unad.edu.co
1045,Manuel Ríos,Contaduría Pública,manuel.ríos@unad.edu.co
1046,María Muñoz,Psicología,maría.muñoz@unad.edu.co
1047,Diana Pérez,Derecho,diana.pérez@unad.edu.co
1048,Mateo Ramírez,Ingeniería Electrónica,mateo.ramírez@unad.edu.co
1049,Alejandro Castillo,Ingeniería Industrial,alejandro.castillo@unad.edu.co
1050,Miguel Castaño,Psicología,miguel.castaño@unad.edu.co
1051,Yulieth Restrepo,Ingeniería Industrial,yulieth.restrepo@unad.edu.co
1052,Miguel Suárez,Ingeniería de Sistemas,miguel.suárez@unad.edu.co
1053,Paola López,Contaduría Pública,paola.lópez@unad.edu.co
1054,Sara Pérez,Contaduría Pública,sara.pérez@unad.edu.co
1055,Miguel Montoya,Ingeniería Industrial,miguel.montoya@unad.edu.co
1056,Andrés Cruz,Ingeniería Electrónica,andrés.cruz@unad.edu.co
1057,Mateo Cárdenas,Ingeniería de Sistemas,mateo.cárdenas@unad.edu.co
1058,Laura Gómez,Ingeniería Electrónica,laura.gómez@unad.edu.co
1059,Daniel Rodríguez,Psicología,daniel.rodríguez@unad.edu.co
1060,Andrea Ríos,Comunicación Social,andrea.ríos@unad.edu.co
1061,Juliana Rodríguez,Administración de Empresas,juliana.rodríguez@unad.edu.co
1062,Camilo Torres,Psicología,camilo.torres@unad.edu.co
1063,Alejandro Morales,Ingeniería Electrónica,alejandro.morales@unad.edu.co
1064,Daniel Montoya,Derecho,daniel.montoya@unad.edu.co
1065,Tatiana Silva,Comunicación Social,tatiana.silva@unad.edu.co
1066,Lorena Niño,Psicología,lorena.niño@unad.edu.co
1067,Laura Duarte,Psicología,laura.duarte@unad.edu.co
1068,Manuel Rivera,Ingeniería de Sistemas,manuel.rivera@unad.edu.co
1069,Andrés Herrera,Ingeniería de Sistemas,andrés.herrera@unad.edu.co
1070,Sofía Vargas,Administración de Empresas,sofía.vargas@unad.edu.co
1071,Camilo Niño,Ingeniería de Sistemas,camilo.niño@unad.edu.co
1072,Lucas Mendoza,Ingeniería Electrónica,lucas.mendoza@unad.edu.co
1073,María Torres,Administración de Empresas,maría.torres@unad.edu.co
1074,Fernando Castillo,Ingeniería Electrónica,fernando.castillo@unad.edu.co
1075,Andrea Niño,Administración de Empresas,andrea.niño@unad.edu.co
1076,Carlos Rivera,Ingeniería Electrónica,carlos.rivera@unad.edu.co
1077,Diana López,Psicología,diana.lópez@unad.edu.co
1078,Ricardo Ramírez,Ingeniería Electrónica,ricardo.ramírez@unad.edu.co
1079,Paula Duarte,Psicología,paula.duarte@unad.edu.co
1080,Juliana Pérez,Comunicación Social,juliana.pérez@unad.edu.co
1081,Sebastián Niño,Ingeniería de Sistemas,sebastián.niño@unad.edu.co
1082,Esteban Cárdenas,Ingeniería Industrial,esteban.cárdenas@unad.edu.co
1083,Isabella Torres,Ingeniería Industrial,isabella.torres@unad.edu.co
1084,Daniel Castillo,Ingeniería Industrial,daniel.castillo@unad.edu.co
1085,Carlos Vargas,Ingeniería Electrónica,carlos.vargas@unad.edu.co
1086,Camilo Cárdenas,Ingeniería Industrial,camilo.cárdenas@unad.edu.co
1087,Alejandro Ospina,Comunicación Social,alejandro.ospina@unad.edu.co
1088,Laura Rodríguez,Administración de Empresas,laura.rodríguez@unad.edu.co
1089,Lucas Montoya,Derecho,lucas.montoya@unad.edu.co
1090,Laura Duarte,Psicología,laura.duarte@unad.edu.co
1091,Kevin Torres,Administración de Empresas,kevin.torres@unad.edu.co
1092,Alejandro Restrepo,Ingeniería de Sistemas,alejandro.restrepo@unad.edu.co
1093,Felipe Herrera,Administración de Empresas,felipe.herrera@unad.edu.co
1094,Natalia Castillo,Ingeniería Industrial,natalia.castillo@unad.edu.co
1095,Lucas Silva,Ingeniería Industrial,lucas.silva@unad.edu.co
1096,Juliana Torres,Ingeniería Industrial,juliana.torres@unad.edu.co
1097,Alejandro Restrepo,Psicología,alejandro.restrepo@unad.edu.co
1098,Manuel Niño,Ingeniería Electrónica,manuel.niño@unad.edu.co
1099,Ricardo Ramírez,Comunicación Social,ricardo.ramírez@unad.edu.co
1100,Sofía Herrera,Ingeniería Industrial,sofía.herrera@unad.edu.co
